分區代碼,類型代碼,類型名稱,類別代碼,類別名稱,圖形R值,圖形G值,圖形B值,次類別代碼,次類別名稱,圖示文字
A01000,A,土地使用分區,1,住宅區,255,255,0,0,住宅區,住
A01001,A,土地使用分區,1,住宅區,255,255,0,1,住宅區（再發展區）,住(再)
A01002,A,土地使用分區,1,住宅區,255,255,0,2,住宅區（都市更新地區）,住(更)
A01003,A,土地使用分區,1,住宅區,255,255,0,3,住宅區（住商混合）,住(商混)
A01004,A,土地使用分區,1,住宅區,255,255,0,4,住宅區（供社會住宅使用）,社會住宅
A01110,A,土地使用分區,1,住宅區,255,255,0,110,第一種住宅區,住一
A01111,A,土地使用分區,1,住宅區,255,255,0,111,第一之一種住宅區,住一之一
A01112,A,土地使用分區,1,住宅區,255,255,0,112,第一之二種住宅區,住一之二
A01113,A,土地使用分區,1,住宅區,255,255,0,113,第一之三種住宅區,住一之三
A01114,A,土地使用分區,1,住宅區,255,255,0,114,第一之A種住宅區,住一之A
A01115,A,土地使用分區,1,住宅區,255,255,0,115,第一之B種住宅區,住一之B
A01116,A,土地使用分區,1,住宅區,255,255,0,116,第一之C種住宅區,住一之C
A01120,A,土地使用分區,1,住宅區,255,255,0,120,第二種住宅區,住二
A01121,A,土地使用分區,1,住宅區,255,255,0,121,第二之一種住宅區,住二之一
A01122,A,土地使用分區,1,住宅區,255,255,0,122,第二之二種住宅區,住二之二
A01123,A,土地使用分區,1,住宅區,255,255,0,123,第二之三種住宅區,住二之三
A01124,A,土地使用分區,1,住宅區,255,255,0,124,第二之A種住宅區,住二之A
A01125,A,土地使用分區,1,住宅區,255,255,0,125,第二種住宅區（特）,住二(特)
A01130,A,土地使用分區,1,住宅區,255,255,0,130,第三種住宅區,住三
A01131,A,土地使用分區,1,住宅區,255,255,0,131,第三之一種住宅區,住三之一
A01132,A,土地使用分區,1,住宅區,255,255,0,132,第三之二種住宅區,住三之二
A01135,A,土地使用分區,1,住宅區,255,255,0,135,第三種住宅區（特）,住三(特)
A01136,A,土地使用分區,1,住宅區,255,255,0,136,第三之一種住宅區（特）,住三之一(特)
A01137,A,土地使用分區,1,住宅區,255,255,0,137,第三之二種住宅區（特）,住三之二(特)
A01140,A,土地使用分區,1,住宅區,255,255,0,140,第四種住宅區,住四
A01141,A,土地使用分區,1,住宅區,255,255,0,141,第四之一種住宅區,住四之一
A01145,A,土地使用分區,1,住宅區,255,255,0,145,第四種住宅區（特）,住四(特)
A01146,A,土地使用分區,1,住宅區,255,255,0,146,第四之一種住宅區（特）,住四之一(特)
A01150,A,土地使用分區,1,住宅區,255,255,0,150,第五種住宅區,住五
A01151,A,土地使用分區,1,住宅區,255,255,0,151,第五之一種住宅區,住五之一
A01155,A,土地使用分區,1,住宅區,255,255,0,155,第五種住宅區（特）,住五(特)
A01160,A,土地使用分區,1,住宅區,255,255,0,160,第六種住宅區,住六
A01170,A,土地使用分區,1,住宅區,255,255,0,170,第七種住宅區,住七
A01210,A,土地使用分區,1,住宅區,255,255,0,210,甲種住宅區,甲住
A01220,A,土地使用分區,1,住宅區,255,255,0,220,乙種住宅區,乙住
A01230,A,土地使用分區,1,住宅區,255,255,0,230,丙種住宅區,丙住
A01310,A,土地使用分區,1,住宅區,255,255,0,310,高密度住宅區,高住
A01311,A,土地使用分區,1,住宅區,255,255,0,311,第一種高密度住宅區,高住一
A01312,A,土地使用分區,1,住宅區,255,255,0,312,第二種高密度住宅區,高住二
A01316,A,土地使用分區,1,住宅區,255,255,0,316,已開發建築密集地區,
A01320,A,土地使用分區,1,住宅區,255,255,0,320,中密度住宅區,中住
A01321,A,土地使用分區,1,住宅區,255,255,0,321,第一種中密度住宅區,中住一
A01322,A,土地使用分區,1,住宅區,255,255,0,322,第二種中密度住宅區,中住二
A01330,A,土地使用分區,1,住宅區,255,255,0,330,低密度住宅區,低住
A01331,A,土地使用分區,1,住宅區,255,255,0,331,第一種低密度住宅區,低住一
A01332,A,土地使用分區,1,住宅區,255,255,0,332,第二種低密度住宅區,低住二
A01333,A,土地使用分區,1,住宅區,255,255,0,333,第三種低密度住宅區,低住三
A01335,A,土地使用分區,1,住宅區,255,255,0,335,低密度住宅區（特）,低住(特)
A01410,A,土地使用分區,1,住宅區,255,255,0,410,特一種住宅區,特一住
A01420,A,土地使用分區,1,住宅區,255,255,0,420,特二種住宅區,特二住
A01500,A,土地使用分區,1,住宅區,255,255,0,500,斷層帶住宅限建區,住(限)
A01510,A,土地使用分區,1,住宅區,255,255,0,510,傳統住宅區,傳統住
A01520,A,土地使用分區,1,住宅區,255,255,0,520,國民住宅區,國住
A01530,A,土地使用分區,1,住宅區,255,255,0,530,勞工住宅區,勞住
A01540,A,土地使用分區,1,住宅區,255,255,0,540,工業住宅區,工住
A01550,A,土地使用分區,1,住宅區,255,255,0,550,傳統建築區,傳建
A01560,A,土地使用分區,1,住宅區,255,255,0,560,特種住宅區,特住
A01570,A,土地使用分區,1,住宅區,255,255,0,570,市民住宅區,市住
A01580,A,土地使用分區,1,住宅區,255,255,0,580,專案住宅區,專住
A01590,A,土地使用分區,1,住宅區,255,255,0,590,自然村,自然村
A01600,A,土地使用分區,1,住宅區,255,255,0,600,特定住宅區,特住
A01610,A,土地使用分區,1,住宅區,255,255,0,610,特別住宅區,特住
A02000,A,土地使用分區,2,商業區,255,0,63,0,商業區,商
A02001,A,土地使用分區,2,商業區,255,0,63,1,商業區（再發展區）,商(再)
A02110,A,土地使用分區,2,商業區,255,0,63,110,第一種商業區,商一
A02111,A,土地使用分區,2,商業區,255,0,63,111,第一種商業區（特）,商一(特)
A02112,A,土地使用分區,2,商業區,255,0,63,112,第一之一種商業區,商一之一
A02113,A,土地使用分區,2,商業區,255,0,63,113,第一之二種商業區,商一之二
A02120,A,土地使用分區,2,商業區,255,0,63,120,第二種商業區,商二
A02121,A,土地使用分區,2,商業區,255,0,63,121,第二種商業區（特）,商二(特)
A02122,A,土地使用分區,2,商業區,255,0,63,122,第二之一種商業區,商二之一
A02130,A,土地使用分區,2,商業區,255,0,63,130,第三種商業區,商三
A02131,A,土地使用分區,2,商業區,255,0,63,131,第三種商業區（特）,商三(特)
A02132,A,土地使用分區,2,商業區,255,0,63,132,第三之一種商業區,商三之一
A02133,A,土地使用分區,2,商業區,255,0,63,133,第三種商業區(特)(遷),商三特(遷)
A02140,A,土地使用分區,2,商業區,255,0,63,140,第四種商業區,商四
A02141,A,土地使用分區,2,商業區,255,0,63,141,第四之一種商業區,商四之一
A02141,A,土地使用分區,2,商業區,255,0,63,141,第四種商業區（特）,商四(特)
A02150,A,土地使用分區,2,商業區,255,0,63,150,第五種商業區,商五
A02151,A,土地使用分區,2,商業區,255,0,63,151,第五之一種商業區,商五之一
A02160,A,土地使用分區,2,商業區,255,0,63,160,第六種商業區,商六
A02510,A,土地使用分區,2,商業區,255,0,63,510,中心商業區,中商
A02511,A,土地使用分區,2,商業區,255,0,63,511,第一種中心商業區,中商一
A02512,A,土地使用分區,2,商業區,255,0,63,512,第二種中心商業區,中商二
A02513,A,土地使用分區,2,商業區,255,0,63,513,第三種中心商業區,中商三
A02516,A,土地使用分區,2,商業區,255,0,63,516,第一之一種中心商業區,中商一之一
A02517,A,土地使用分區,2,商業區,255,0,63,517,第二之一種中心商業區,中商二之一
A02518,A,土地使用分區,2,商業區,255,0,63,518,第三之一種中心商業區,中商三之一
A02520,A,土地使用分區,2,商業區,255,0,63,520,海濱商業區,濱商
A02521,A,土地使用分區,2,商業區,255,0,63,521,第一種海濱商業區,濱商一
A02522,A,土地使用分區,2,商業區,255,0,63,522,第二種海濱商業區,濱商二
A02530,A,土地使用分區,2,商業區,255,0,63,530,鄰里商業區,鄰商
A02531,A,土地使用分區,2,商業區,255,0,63,531,鄰里中心商業區,鄰商
A02540,A,土地使用分區,2,商業區,255,0,63,540,景觀商業區,景商
A02550,A,土地使用分區,2,商業區,255,0,63,550,社區商業區,社商
A02551,A,土地使用分區,2,商業區,255,0,63,551,社區中心商業區,社商
A02560,A,土地使用分區,2,商業區,255,0,63,560,沿街商業區,街商
A02570,A,土地使用分區,2,商業區,255,0,63,570,工商綜合區,工商
A02571,A,土地使用分區,2,商業區,255,0,63,571,工商混合區,工商
A02580,A,土地使用分區,2,商業區,255,0,63,580,辦公服務區,辦
A02590,A,土地使用分區,2,商業區,255,0,63,590,國家公園區商業用地,商
A02600,A,土地使用分區,2,商業區,255,0,63,600,工商服務展售區,展
A02610,A,土地使用分區,2,商業區,255,0,63,610,特定商業區,特商
A02611,A,土地使用分區,2,商業區,255,0,63,611,特種商業區,特商
A02620,A,土地使用分區,2,商業區,255,0,63,620,特定業務區,特業
A02630,A,土地使用分區,2,商業區,255,0,63,630,業務設施區,業設
A02640,A,土地使用分區,2,商業區,255,0,63,640,經貿園區,經貿
A02650,A,土地使用分區,2,商業區,255,0,63,650,聯合開發區,聯合開發
A02660,A,土地使用分區,2,商業區,255,0,63,660,休閒商務區,休閒商務
A02670,A,土地使用分區,2,商業區,255,0,63,670,科技商務區,科技商務
A02680,A,土地使用分區,2,商業區,255,0,63,680,副都心商業區,副都心
A02690,A,土地使用分區,2,商業區,255,0,63,690,港埠商業區,港商
A02700,A,土地使用分區,2,商業區,255,0,63,700,複合商業區,商
A02710,A,土地使用分區,2,商業區,255,0,63,710,購物中心區,購物中心
A02720,A,土地使用分區,2,商業區,255,0,63,720,辦公園區,辦公
A02730,A,土地使用分區,2,商業區,255,0,63,730,遊樂商業中心區,遊商
A03000,A,土地使用分區,3,工業區,127,63,0,0,工業區,工
A03001,A,土地使用分區,3,工業區,127,63,0,1,工業區（供生產事業使用）,工(生)
A03002,A,土地使用分區,3,工業區,127,63,0,2,工業區（供相關產業使用）,工(相)
A03003,A,土地使用分區,3,工業區,127,63,0,3,工業區（砂石專業使用）,工(砂專)
A03004,A,土地使用分區,3,工業區,127,63,0,4,工業區（倉儲使用）,工(倉)
A03110,A,土地使用分區,3,工業區,127,63,0,110,第一種工業區,工一
A03120,A,土地使用分區,3,工業區,127,63,0,120,第二種工業區,工二
A03121,A,土地使用分區,3,工業區,127,63,0,121,第二之一種工業區,工二之一
A03130,A,土地使用分區,3,工業區,127,63,0,130,第三種工業區,工三
A03140,A,土地使用分區,3,工業區,127,63,0,140,第四種工業區,工四
A03150,A,土地使用分區,3,工業區,127,63,0,150,第五種工業區,工五
A03200,A,土地使用分區,3,工業區,127,63,0,200,特種工業區,特工
A03210,A,土地使用分區,3,工業區,127,63,0,210,甲種工業區,甲工
A03220,A,土地使用分區,3,工業區,127,63,0,220,乙種工業區,乙工
A03230,A,土地使用分區,3,工業區,127,63,0,230,零星工業區,零工
A03231,A,土地使用分區,3,工業區,127,63,0,231,零星工業區供作停車場使用,零工(停)
A03500,A,土地使用分區,3,工業區,127,63,0,500,貨櫃貨物轉運中心區,貨轉中心
A03510,A,土地使用分區,3,工業區,127,63,0,510,貨物轉運中心區,貨轉中心
A03520,A,土地使用分區,3,工業區,127,63,0,520,輕工業區,輕工
A03530,A,土地使用分區,3,工業區,127,63,0,530,軟體工業區,軟工
A03540,A,土地使用分區,3,工業區,127,63,0,540,汽車修護展售工業區,汽工
A03550,A,土地使用分區,3,工業區,127,63,0,550,科技工業區,科工
A03560,A,土地使用分區,3,工業區,127,63,0,560,策略型工業區,策工
A03570,A,土地使用分區,3,工業區,127,63,0,570,手工藝區,手工藝
A03580,A,土地使用分區,3,工業區,127,63,0,580,石油專業工業區,石專工
A03590,A,土地使用分區,3,工業區,127,63,0,590,園區工業區,園工
A03600,A,土地使用分區,3,工業區,127,63,0,600,產業服務區,產服
A04000,A,土地使用分區,4,行政區,0,127,255,0,行政區,行
A04010,A,土地使用分區,4,行政區,0,127,255,10,社區中心區,社區中心
A05000,A,土地使用分區,5,文教區,191,127,255,0,文教區,文
A05500,A,土地使用分區,5,文教區,191,127,255,500,社教區,社
A05510,A,土地使用分區,5,文教區,191,127,255,510,山地文化區,山文
A05520,A,土地使用分區,5,文教區,191,127,255,520,文化園區,文化
A05530,A,土地使用分區,5,文教區,191,127,255,530,文事研究中心區,文事研究中心
A06000,A,土地使用分區,6,體育運動區,0,255,0,0,體育運動區,體
A06500,A,土地使用分區,6,體育運動區,0,255,0,500,運動設施區,運
A07000,A,土地使用分區,7,保護區,127,255,0,0,保護區,保
A07010,A,土地使用分區,7,保護區,127,255,0,10,第一種保護區,保一
A07020,A,土地使用分區,7,保護區,127,255,0,20,第二種保護區,保二
A07030,A,土地使用分區,7,保護區,127,255,0,30,第三種保護區,保三
A07040,A,土地使用分區,7,保護區,127,255,0,40,第四種保護區,保四
A07510,A,土地使用分區,7,保護區,127,255,0,510,特別保護區,特
A07520,A,土地使用分區,7,保護區,127,255,0,520,生態保護區,生態
A07530,A,土地使用分區,7,保護區,127,255,0,530,景觀保護區,景觀
A07540,A,土地使用分區,7,保護區,127,255,0,540,古蹟保護區,古跡
A07550,A,土地使用分區,7,保護區,127,255,0,550,水庫保護區,水庫
A07560,A,土地使用分區,7,保護區,127,255,0,560,水源特定保護區,水源
A07570,A,土地使用分區,7,保護區,127,255,0,570,保安保護區,保安
A07580,A,土地使用分區,7,保護區,127,255,0,580,自然景觀保護區,自然景觀
A07590,A,土地使用分區,7,保護區,127,255,0,590,國家公園區保育用地,保
A07600,A,土地使用分區,7,保護區,127,255,0,600,地質保護區,地質
A07610,A,土地使用分區,7,保護區,127,255,0,610,珊瑚礁保護區,珊瑚礁
A07620,A,土地使用分區,7,保護區,127,255,0,620,野生動物保護區,野
A07630,A,土地使用分區,7,保護區,127,255,0,630,特殊地質景觀保護區,地景
A07640,A,土地使用分區,7,保護區,127,255,0,640,海域資源保育區,海保
A08000,A,土地使用分區,8,農業區,127,255,0,0,農業區,農
A08500,A,土地使用分區,8,農業區,127,255,0,500,觀光果園區,觀果
A08510,A,土地使用分區,8,農業區,127,255,0,510,斷層帶農業限建區,農(限)
A09000,A,土地使用分區,9,保存區,127,255,0,0,保存區,存
A09010,A,土地使用分區,9,保存區,127,255,0,10,第一種保存區,存一
A09020,A,土地使用分區,9,保存區,127,255,0,20,第二種保存區,存二
A09510,A,土地使用分區,9,保存區,127,255,0,510,古蹟保存區,古存
A09520,A,土地使用分區,9,保存區,127,255,0,520,寺廟保存區,寺存
A09521,A,土地使用分區,9,保存區,127,255,0,521,第一種寺廟保存區,寺存一
A09522,A,土地使用分區,9,保存區,127,255,0,522,第二種寺廟保存區,寺存二
A09530,A,土地使用分區,9,保存區,127,255,0,530,宗教保存區,宗存
A09540,A,土地使用分區,9,保存區,127,255,0,540,客家文化保存區,客存
A09560,A,土地使用分區,9,保存區,127,255,0,560,歷史空間保存區,歷存
A09570,A,土地使用分區,9,保存區,127,255,0,570,傳統聚落保存區,傳存
A10000,A,土地使用分區,10,漁業區,127,255,255,0,漁業區,漁
A10500,A,土地使用分區,10,漁業區,127,255,255,500,漁港區,漁
A10510,A,土地使用分區,10,漁業區,127,255,255,510,水產養殖區,水產
A11000,A,土地使用分區,11,鹽田區,127,63,0,0,鹽田區,鹽
A12000,A,土地使用分區,12,魚塭區,127,255,255,0,魚塭區,魚
A13000,A,土地使用分區,13,水岸發展區,127,255,255,0,水岸發展區,水
A13500,A,土地使用分區,13,水岸發展區,127,255,255,500,海岸發展區,水
A14000,A,土地使用分區,14,河川區,127,255,255,0,河川區,河
A14001,A,土地使用分區,14,河川區,127,255,255,1,河川區兼供道路使用,河(道)
A14002,A,土地使用分區,14,河川區,127,255,255,2,河川區兼供人行步道使用,河(人)
A14003,A,土地使用分區,14,河川區,127,255,255,3,河川區兼供捷運設施使用,河(捷)
A14004,A,土地使用分區,14,河川區,127,255,255,4,河川區兼供公園兼兒童遊樂場使用,河(公兒)
A14005,A,土地使用分區,14,河川區,127,255,255,5,河川區兼作園道使用,河(園)
A14006,A,土地使用分區,14,河川區,127,255,255,6,河川區兼供自來水事業使用,河(自)
A14007,A,土地使用分區,14,河川區,127,255,255,7,河川區兼供快速道路使用,河(快)
A14008,A,土地使用分區,14,河川區,127,255,255,8,河川區兼供高速公路使用,河(高)
A14009,A,土地使用分區,14,河川區,127,255,255,9,河川區兼供停車場使用,河(停)
A14010,A,土地使用分區,14,河川區,127,255,255,10,河川區兼供綠地使用,河(綠)
A15000,A,土地使用分區,15,行水區,127,255,255,0,行水區,行水
A15001,A,土地使用分區,15,行水區,127,255,255,1,行水區兼供道路使用,行水(道)
A16000,A,土地使用分區,16,水域,127,255,255,0,水域,水域
A16010,A,土地使用分區,16,水域,127,255,255,10,海域,海域
A16020,A,土地使用分區,16,水域,127,255,255,20,海域禁制區,海禁
A16030,A,土地使用分區,16,水域,127,255,255,30,湖泊區,湖泊
A17000,A,土地使用分區,17,倉庫區,76,38,0,0,倉庫區,倉
A18000,A,土地使用分區,18,倉儲區,76,38,0,0,倉儲區,儲
A18500,A,土地使用分區,18,倉儲區,76,38,0,500,貨櫃倉儲區,貨倉
A19000,A,土地使用分區,19,葬儀業區,255,255,127,0,葬儀業區,殯
A20000,A,土地使用分區,20,風景區,0,255,0,0,風景區,風
A20010,A,土地使用分區,20,風景區,0,255,0,10,甲種風景區,甲風
A20011,A,土地使用分區,20,風景區,0,255,0,11,甲之一種風景區,甲風一
A20012,A,土地使用分區,20,風景區,0,255,0,12,甲之二種風景區,甲風二
A20013,A,土地使用分區,20,風景區,0,255,0,13,甲之三種風景區,甲風三
A20014,A,土地使用分區,20,風景區,0,255,0,14,甲之四種風景區,甲風四
A20020,A,土地使用分區,20,風景區,0,255,0,20,乙種風景區,乙風
A20030,A,土地使用分區,20,風景區,0,255,0,30,丙種風景區,丙風
A20050,A,土地使用分區,20,風景區,0,255,0,50,第一種風景區,風一
A20051,A,土地使用分區,20,風景區,0,255,0,51,第二種風景區,風二
A20052,A,土地使用分區,20,風景區,0,255,0,52,第三種風景區,風三
A20053,A,土地使用分區,20,風景區,0,255,0,53,第四種風景區,風四
A21000,A,土地使用分區,21,露營區,0,255,0,0,露營區,露
A21010,A,土地使用分區,21,露營區,0,255,0,10,野營區,野營
A22000,A,土地使用分區,22,野餐區,0,255,0,0,野餐區,野
A23000,A,土地使用分區,23,景觀區,0,255,0,0,景觀區,景觀
A23500,A,土地使用分區,23,景觀區,0,255,0,500,自然景觀區,自景
A23510,A,土地使用分區,23,景觀區,0,255,0,510,岩石景觀區,岩景
A23520,A,土地使用分區,23,景觀區,0,255,0,520,海底景觀區,海景
A23530,A,土地使用分區,23,景觀區,0,255,0,530,海岸景觀區,海景
A24000,A,土地使用分區,24,眺望區,0,255,0,0,眺望區,眺
A25000,A,土地使用分區,25,活動區,0,255,0,0,活動區,活
A25500,A,土地使用分區,25,活動區,0,255,0,500,青年活動區,青活
A25510,A,土地使用分區,25,活動區,0,255,0,510,青年活動中心區,青活
A25520,A,土地使用分區,25,活動區,0,255,0,520,青年活動營區,青活
A25530,A,土地使用分區,25,活動區,0,255,0,530,綜合活動中心區,綜活
A26000,A,土地使用分區,26,別墅區,255,255,0,0,別墅區,墅
A26010,A,土地使用分區,26,別墅區,255,255,0,10,第一種別墅區,墅一
A26020,A,土地使用分區,26,別墅區,255,255,0,20,第二種別墅區,墅二
A26030,A,土地使用分區,26,別墅區,255,255,0,30,第三種別墅區,墅三
A26510,A,土地使用分區,26,別墅區,255,255,0,510,出租別墅區,墅
A26520,A,土地使用分區,26,別墅區,255,255,0,520,出租別墅與汽車旅館區,墅(旅)
A26530,A,土地使用分區,26,別墅區,255,255,0,530,休閒別墅區,休墅
A26540,A,土地使用分區,26,別墅區,255,255,0,540,旅館別墅區,旅墅
A27000,A,土地使用分區,27,旅館區,255,0,255,0,旅館區,旅
A27010,A,土地使用分區,27,旅館區,255,0,255,10,第一種旅館區,旅一
A27020,A,土地使用分區,27,旅館區,255,0,255,20,第二種旅館區,旅二
A27030,A,土地使用分區,27,旅館區,255,0,255,30,第三種旅館區,旅三
A27110,A,土地使用分區,27,旅館區,255,0,255,110,甲種旅館區,甲旅
A27120,A,土地使用分區,27,旅館區,255,0,255,120,乙種旅館區,乙旅
A27130,A,土地使用分區,27,旅館區,255,0,255,130,丙種旅館區,丙旅
A27140,A,土地使用分區,27,旅館區,255,0,255,140,丁種旅館區,丁旅
A27510,A,土地使用分區,27,旅館區,255,0,255,510,國民旅社區,國旅
A27520,A,土地使用分區,27,旅館區,255,0,255,520,青年自助旅社與國民旅社區,青旅(國)
A27530,A,土地使用分區,27,旅館區,255,0,255,530,觀光旅館區,觀旅
A27540,A,土地使用分區,27,旅館區,255,0,255,540,國家公園區旅館用地,旅
A28000,A,土地使用分區,28,遊憩區,0,255,0,0,遊憩區,憩
A28010,A,土地使用分區,28,遊憩區,0,255,0,10,第一種遊憩區,憩一
A28020,A,土地使用分區,28,遊憩區,0,255,0,20,第二種遊憩區,憩二
A28030,A,土地使用分區,28,遊憩區,0,255,0,30,第三種遊憩區,憩三
A28510,A,土地使用分區,28,遊憩區,0,255,0,510,綜合遊憩區,綜憩
A28520,A,土地使用分區,28,遊憩區,0,255,0,520,森林遊憩區,森憩
A28530,A,土地使用分區,28,遊憩區,0,255,0,530,休閒遊憩區,休憩
A28540,A,土地使用分區,28,遊憩區,0,255,0,540,海濱遊憩區,濱憩
A28541,A,土地使用分區,28,遊憩區,0,255,0,541,海域遊憩區,海憩
A28542,A,土地使用分區,28,遊憩區,0,255,0,542,灣域遊憩區,灣憩
A28543,A,土地使用分區,28,遊憩區,0,255,0,543,濱海遊憩區,濱憩
A28550,A,土地使用分區,28,遊憩區,0,255,0,550,戶外休閒區,戶外休閒
A28560,A,土地使用分區,28,遊憩區,0,255,0,560,近岸遊憩區,岸憩
A28561,A,土地使用分區,28,遊憩區,0,255,0,561,海景休閒渡假區,海休
A28562,A,土地使用分區,28,遊憩區,0,255,0,562,生態休閒渡假區,生休
A28570,A,土地使用分區,28,遊憩區,0,255,0,570,觀光遊憩區,觀憩
A29000,A,土地使用分區,29,遊樂區,0,255,0,0,遊樂區,遊
A29010,A,土地使用分區,29,遊樂區,0,255,0,10,娛樂區,娛
A29110,A,土地使用分區,29,遊樂區,0,255,0,110,甲種遊樂區,甲遊
A29120,A,土地使用分區,29,遊樂區,0,255,0,120,乙種遊樂區,乙遊
A29510,A,土地使用分區,29,遊樂區,0,255,0,510,森林遊樂區,森遊
A29520,A,土地使用分區,29,遊樂區,0,255,0,520,海域遊樂區,海遊
A29530,A,土地使用分區,29,遊樂區,0,255,0,530,海洋遊樂區,海遊
A29540,A,土地使用分區,29,遊樂區,0,255,0,540,湖上遊樂區,湖遊
A29550,A,土地使用分區,29,遊樂區,0,255,0,550,水域遊樂區,水遊
A29560,A,土地使用分區,29,遊樂區,0,255,0,560,產業遊樂區,產遊
A29570,A,土地使用分區,29,遊樂區,0,255,0,570,沙灘遊樂區,沙遊
A29580,A,土地使用分區,29,遊樂區,0,255,0,580,戲水區,戲水
A29590,A,土地使用分區,29,遊樂區,0,255,0,590,濱海遊樂區,濱遊
A30000,A,土地使用分區,30,海濱浴場區,127,255,255,0,海濱浴場區,浴
A31000,A,土地使用分區,31,觀光農場區,127,255,0,0,觀光農場區,觀農
A32000,A,土地使用分區,32,動植物園區,0,255,0,0,動植物園區,動植物園
A32500,A,土地使用分區,32,動植物園區,0,255,0,500,動物園區,動物園
A32510,A,土地使用分區,32,動植物園區,0,255,0,510,鳥園區,鳥園
A32520,A,土地使用分區,32,動植物園區,0,255,0,520,植物園區,植物園
A33000,A,土地使用分區,33,營區,0,127,255,0,營區,營區
A34000,A,土地使用分區,34,林業區,127,255,0,0,林業區,林
A35000,A,土地使用分區,35,溫泉區,127,255,255,0,溫泉區,溫泉
A35500,A,土地使用分區,35,溫泉區,127,255,255,500,露天溫泉浴區,露天溫泉
A35510,A,土地使用分區,35,溫泉區,127,255,255,510,海底溫泉區,海底溫泉
A35520,A,土地使用分區,35,溫泉區,127,255,255,520,大眾浴池區,浴
A35530,A,土地使用分區,35,溫泉區,127,255,255,530,溫泉露頭區,溫泉
A36000,A,土地使用分區,36,服務區,0,127,255,0,服務區,服
A36500,A,土地使用分區,36,服務區,0,127,255,500,遊憩服務設施區,遊服
A36501,A,土地使用分區,36,服務區,0,127,255,501,第一種遊憩服務設施區,遊服一
A36502,A,土地使用分區,36,服務區,0,127,255,502,第二種遊憩服務設施區,遊服二
A36510,A,土地使用分區,36,服務區,0,127,255,510,旅遊服務設施區,旅服
A36520,A,土地使用分區,36,服務區,0,127,255,520,旅遊服務中心區,旅服中心
A36530,A,土地使用分區,36,服務區,0,127,255,530,旅遊服務區,旅服
A36540,A,土地使用分區,36,服務區,0,127,255,540,管理及服務區,管理服務
A36550,A,土地使用分區,36,服務區,0,127,255,550,通關服務區,通關服務
A36560,A,土地使用分區,36,服務區,0,127,255,560,園區服務區,園區服務
A37000,A,土地使用分區,37,國家公園區,127,255,0,0,國家公園區,國家公園
A38000,A,土地使用分區,38,防風林區,127,255,0,0,防風林區,防風林
A99000,A,土地使用分區,99,其他使用分區,255,255,255,0,其他使用分區,
A99001,A,土地使用分區,99,其他使用分區,255,255,255,1,交通中心區,交通中心
A99002,A,土地使用分區,99,其他使用分區,255,255,255,2,安養中心區,安養中心
A99003,A,土地使用分區,99,其他使用分區,255,255,255,3,暫予保留範圍區,暫留
A99004,A,土地使用分區,99,其他使用分區,255,255,255,4,土壤污染管制區,土污管制
A99005,A,土地使用分區,99,其他使用分區,255,255,255,5,國家公園區,國家公園
A99006,A,土地使用分區,99,其他使用分區,255,255,255,6,運輸中心,運輸中心
B01000,B,特定專用區,1,特定住宅專用區,255,255,0,0,特定住宅專用區,住專
B01500,B,特定專用區,1,特定住宅專用區,255,255,0,500,國民住宅專用區,國宅專
B01510,B,特定專用區,1,特定住宅專用區,255,255,0,510,駐華使領館辦公暨住宅專用區,使館住專
B01520,B,特定專用區,1,特定住宅專用區,255,255,0,520,敦化南北路特定專用區(B區),敦化專用區B
B01530,B,特定專用區,1,特定住宅專用區,255,255,0,530,仁愛之家專用區,仁愛之家專
B01540,B,特定專用區,1,特定住宅專用區,255,255,0,540,自然村專用區,自專
B01550,B,特定專用區,1,特定住宅專用區,255,255,0,550,生態住宅專用區,生住專
B02000,B,特定專用區,2,特定商業專用區,255,0,63,0,特定商業專用區,商專
B02010,B,特定專用區,2,特定商業專用區,255,0,63,10,第一種特定商業專用區,商專一
B02020,B,特定專用區,2,特定商業專用區,255,0,63,20,第二種特定商業專用區,商專二
B02030,B,特定專用區,2,特定商業專用區,255,0,63,30,第三種特定商業專用區,商專三
B02500,B,特定專用區,2,特定商業專用區,255,0,63,500,特定休閒商業專用區,休商專
B02510,B,特定專用區,2,特定商業專用區,255,0,63,510,商務專用區,商專
B02520,B,特定專用區,2,特定商業專用區,255,0,63,520,商務產業專用區,商產專
B02530,B,特定專用區,2,特定商業專用區,255,0,63,530,購物中心專用區,購專
B02540,B,特定專用區,2,特定商業專用區,255,0,63,540,大型購物中心專用區,購專
B02550,B,特定專用區,2,特定商業專用區,255,0,63,550,工商綜合專用區,工商專
B02560,B,特定專用區,2,特定商業專用區,255,0,63,560,複合商業專用區,複商專
B02570,B,特定專用區,2,特定商業專用區,255,0,63,570,科技商務專用區,科商專
B02580,B,特定專用區,2,特定商業專用區,255,0,63,580,文化觀光專用區,文觀專
B02590,B,特定專用區,2,特定商業專用區,255,0,63,590,敦化南北路特定專用區(A區),敦化專用區A
B02600,B,特定專用區,2,特定商業專用區,255,0,63,600,圓環專用區,圓專
B02610,B,特定專用區,2,特定商業專用區,255,0,63,610,金融資訊專用區,金資專
B02620,B,特定專用區,2,特定商業專用區,255,0,63,620,金融服務專用區,金服專
B02630,B,特定專用區,2,特定商業專用區,255,0,63,630,環南特定專用區,環南專
B02640,B,特定專用區,2,特定商業專用區,255,0,63,640,特定觀光商業專用區,觀商專
B02641,B,特定專用區,2,特定商業專用區,255,0,63,641,觀光藝文商業專用區,觀商專
B02650,B,特定專用區,2,特定商業專用區,255,0,63,650,青果合作社專用區,果合專
B02660,B,特定專用區,2,特定商業專用區,255,0,63,660,特定經貿核心專用區,果合專
B02661,B,特定專用區,2,特定商業專用區,255,0,63,661,第一種特定經貿核心專用區,特貿專一
B02662,B,特定專用區,2,特定商業專用區,255,0,63,662,第二種特定經貿核心專用區,特貿專二
B02663,B,特定專用區,2,特定商業專用區,255,0,63,663,第三種特定經貿核心專用區,特貿專三
B02664,B,特定專用區,2,特定商業專用區,255,0,63,664,第四種特定經貿核心專用區,特貿專四
B02665,B,特定專用區,2,特定商業專用區,255,0,63,665,第五種特定經貿核心專用區,特貿專五
B02666,B,特定專用區,2,特定商業專用區,255,0,63,666,第六種特定經貿核心專用區,特貿專六
B02670,B,特定專用區,2,特定商業專用區,255,0,63,670,文化商業專用區,文商專
B02680,B,特定專用區,2,特定商業專用區,255,0,63,680,經貿專用區,經貿專
B02690,B,特定專用區,2,特定商業專用區,255,0,63,690,會展特定專用區,會專
B03000,B,特定專用區,3,特定事業專用區,0,127,255,0,特定事業專用區,事業專用
B03001,B,特定專用區,3,特定事業專用區,0,127,255,1,事業專用區,事業專用
B03002,B,特定專用區,3,特定事業專用區,0,127,255,2,特定目的事業專用區,事業專用
B03003,B,特定專用區,3,特定事業專用區,0,127,255,3,公用及公益事業特定專用區,益專
B03500,B,特定專用區,3,特定事業專用區,0,127,255,500,廣電事業專用區,廣電專
B03510,B,特定專用區,3,特定事業專用區,0,127,255,510,航空事業專用區,航專
B03511,B,特定專用區,3,特定事業專用區,0,127,255,511,航空事業專用區兼供道路使用,航專(道)
B03520,B,特定專用區,3,特定事業專用區,0,127,255,520,電信專用區,電信專
B03521,B,特定專用區,3,特定事業專用區,0,127,255,521,第一種電信專用區,電信專一
B03522,B,特定專用區,3,特定事業專用區,0,127,255,522,第二種電信專用區,電信專二
B03530,B,特定專用區,3,特定事業專用區,0,127,255,530,電信事業專用區,電信專
B03540,B,特定專用區,3,特定事業專用區,0,127,255,540,電力專用區,電力專
B03550,B,特定專用區,3,特定事業專用區,0,127,255,550,電力事業專用區,電力專
B03560,B,特定專用區,3,特定事業專用區,0,127,255,560,郵政專用區,郵專
B03570,B,特定專用區,3,特定事業專用區,0,127,255,570,郵政事業專用區,郵專
B03580,B,特定專用區,3,特定事業專用區,0,127,255,580,菸酒事業專用區,菸專
B03590,B,特定專用區,3,特定事業專用區,0,127,255,590,自來水事業專用區,自專
B03600,B,特定專用區,3,特定事業專用區,0,127,255,600,農會專用區,農會專
B03610,B,特定專用區,3,特定事業專用區,0,127,255,610,電廠專用區,電廠專
B03620,B,特定專用區,3,特定事業專用區,0,127,255,620,交通事業專用區,交專
B03630,B,特定專用區,3,特定事業專用區,0,127,255,630,水利會專用區,水利會專
B03640,B,特定專用區,3,特定事業專用區,0,127,255,640,漁會專用區,漁會專
B03650,B,特定專用區,3,特定事業專用區,0,127,255,650,廣播電台專用區,廣電專
B03660,B,特定專用區,3,特定事業專用區,0,127,255,660,電台專用區,電台專
B03670,B,特定專用區,3,特定事業專用區,0,127,255,670,旅遊事業專用區,旅專
B03680,B,特定專用區,3,特定事業專用區,0,127,255,680,觀光事業專用區,觀專
B03691,B,特定專用區,3,特定事業專用區,0,127,255,691,第一種創新研發專用區,創研一
B03692,B,特定專用區,3,特定事業專用區,0,127,255,692,第二種創新研發專用區,創研二
B04000,B,特定專用區,4,特定事業專用區(工業),127,63,0,0,工業事業專用區,工專
B04500,B,特定專用區,4,特定事業專用區(工業),127,63,0,500,園區事業專用區,園專
B04501,B,特定專用區,4,特定事業專用區(工業),127,63,0,501,第一種園區事業專用區,園專一
B04502,B,特定專用區,4,特定事業專用區(工業),127,63,0,502,第二種園區事業專用區,園專二
B04510,B,特定專用區,4,特定事業專用區(工業),127,63,0,510,加工出口專用區,加專
B04520,B,特定專用區,4,特定事業專用區(工業),127,63,0,520,倉儲批發專用區,倉批專
B04521,B,特定專用區,4,特定事業專用區(工業),127,63,0,521,倉儲批發零售專用區,倉批專
B04530,B,特定專用區,4,特定事業專用區(工業),127,63,0,530,貨物轉運專用區,貨轉專
B04540,B,特定專用區,4,特定事業專用區(工業),127,63,0,540,特定倉儲轉運專用區,倉轉專
B04541,B,特定專用區,4,特定事業專用區(工業),127,63,0,541,第一種特定倉儲轉運專用區,倉轉專一
B04542,B,特定專用區,4,特定事業專用區(工業),127,63,0,542,第二種特定倉儲轉運專用區,倉轉專二
B04543,B,特定專用區,4,特定事業專用區(工業),127,63,0,543,第三種特定倉儲轉運專用區,倉轉專三
B04550,B,特定專用區,4,特定事業專用區(工業),127,63,0,550,再生能源相關設施專用區,再生專
B04560,B,特定專用區,4,特定事業專用區(工業),127,63,0,560,貨運及貨物加值專用區,貨運專
B04570,B,特定專用區,4,特定事業專用區(工業),127,63,0,570,貨運集散專用區,貨專
B04580,B,特定專用區,4,特定事業專用區(工業),127,63,0,580,特定工業專用區,特工專
B05000,B,特定專用區,5,特定事業專用區(油氣),255,0,255,0,油氣事業專用區,油專
B05500,B,特定專用區,5,特定事業專用區(油氣),255,0,255,500,石油事業專用區,油專
B05510,B,特定專用區,5,特定事業專用區(油氣),255,0,255,510,石油專用區,石油專用
B05520,B,特定專用區,5,特定事業專用區(油氣),255,0,255,520,天然氣事業專用區,氣專
B05530,B,特定專用區,5,特定事業專用區(油氣),255,0,255,530,瓦斯專用區,瓦專
B05540,B,特定專用區,5,特定事業專用區(油氣),255,0,255,540,瓦斯事業專用區,瓦專
B05550,B,特定專用區,5,特定事業專用區(油氣),255,0,255,550,液化天然氣專用區,氣專
B05560,B,特定專用區,5,特定事業專用區(油氣),255,0,255,560,天然氣儲氣槽設施專用區,儲氣專
B05570,B,特定專用區,5,特定事業專用區(油氣),255,0,255,570,天然氣設施專用區,氣專
B05580,B,特定專用區,5,特定事業專用區(油氣),255,0,255,580,天然氣儲氣專用區,儲氣專
B06000,B,特定專用區,6,特定事業專用區(水利),127,255,255,0,水利事業專用區,水利專
B06500,B,特定專用區,6,特定事業專用區(水利),127,255,255,500,水利專用區,水利專
B06510,B,特定專用區,6,特定事業專用區(水利),127,255,255,510,水利設施專用區,水利專
B07000,B,特定專用區,7,特定產業專用區,127,63,0,0,特定產業專用區,產專
B07010,B,特定專用區,7,特定產業專用區,127,63,0,10,第一種特定產業專用區,產一
B07020,B,特定專用區,7,特定產業專用區,127,63,0,20,第二種特定產業專用區,產二
B07510,B,特定專用區,7,特定產業專用區,127,63,0,510,汽車保養專用區,汽保專
B07520,B,特定專用區,7,特定產業專用區,127,63,0,520,汽車修理專用區,汽修專
B07530,B,特定專用區,7,特定產業專用區,127,63,0,530,科技產業專用區,科專
B07540,B,特定專用區,7,特定產業專用區,127,63,0,540,生物科技產業專用區,生技專
B07550,B,特定專用區,7,特定產業專用區,127,63,0,550,產業專用區,產專
B07560,B,特定專用區,7,特定產業專用區,127,63,0,560,原住民產業專用區,原產專
B07570,B,特定專用區,7,特定產業專用區,127,63,0,570,研發策略產業專用區,研策專
B07580,B,特定專用區,7,特定產業專用區,127,63,0,580,酒廠專用區,酒專
B07590,B,特定專用區,7,特定產業專用區,127,63,0,590,休閒產業專用區,休閒專
B07600,B,特定專用區,7,特定產業專用區,127,63,0,600,資訊產業專用區,資產專
B07610,B,特定專用區,7,特定產業專用區,127,63,0,610,汽車駕訓專用區,汽駕專
B07620,B,特定專用區,7,特定產業專用區,127,63,0,620,花卉文化產業專用區,花產專
B07630,B,特定專用區,7,特定產業專用區,127,63,0,630,研發策略產業專用區,研產專
B07640,B,特定專用區,7,特定產業專用區,127,63,0,640,產業交流專用區,產交專
B07650,B,特定專用區,7,特定產業專用區,127,63,0,650,創意設計園區專用區,創設專
B07660,B,特定專用區,7,特定產業專用區,127,63,0,660,新聞媒體專用區,媒專
B07670,B,特定專用區,7,特定產業專用區,127,63,0,670,觀光休閒產業專用區,觀產專
B07680,B,特定專用區,7,特定產業專用區,127,63,0,680,土石採取專用區,土專
B07690,B,特定專用區,7,特定產業專用區,127,63,0,690,文化產業專用區,文產專
B08000,B,特定專用區,8,特定服務專用區,0,127,255,0,特定服務專用區,服專
B08500,B,特定專用區,8,特定服務專用區,0,127,255,500,產業服務專用區,產服專
B08510,B,特定專用區,8,特定服務專用區,0,127,255,510,研究服務專用區,研服專
B08520,B,特定專用區,8,特定服務專用區,0,127,255,520,旅遊服務專用區,旅服專
B08530,B,特定專用區,8,特定服務專用區,0,127,255,530,航空客運服務專用區,航服專
B08540,B,特定專用區,8,特定服務專用區,0,127,255,540,園區服務專用區,園服專
B08541,B,特定專用區,8,特定服務專用區,0,127,255,541,第一種園區服務專用區,園服專一
B08542,B,特定專用區,8,特定服務專用區,0,127,255,542,第二種園區服務專用區,園服專二
B08550,B,特定專用區,8,特定服務專用區,0,127,255,550,國際事務及公共服務特定專用區,國服專
B08560,B,特定專用區,8,特定服務專用區,0,127,255,560,生活服務專用區,生服專
B08570,B,特定專用區,8,特定服務專用區,0,127,255,570,科技商務服務專用區,科服專
B08580,B,特定專用區,8,特定服務專用區,0,127,255,580,休閒服務專用區,休服專
B09000,B,特定專用區,9,公用事業專用區,183,183,183,0,公用事業專用區,公用專
B09500,B,特定專用區,9,公用事業專用區,183,183,183,500,天線電塔專用區,塔專
B09510,B,特定專用區,9,公用事業專用區,183,183,183,510,變電所專用區,變專
B09520,B,特定專用區,9,公用事業專用區,183,183,183,520,污水處理專用區,污專
B09530,B,特定專用區,9,公用事業專用區,183,183,183,530,環保設施專用區,環專
B09540,B,特定專用區,9,公用事業專用區,183,183,183,540,電磁波專用區,電磁專
B09550,B,特定專用區,9,公用事業專用區,183,183,183,550,瓦斯減壓站專用區,瓦斯專
B10000,B,特定專用區,10,特定文化專用區,191,127,255,0,特定文化專用區,文專
B10500,B,特定專用區,10,特定文化專用區,191,127,255,500,文化專用區,文專
B10510,B,特定專用區,10,特定文化專用區,191,127,255,510,藝術文化專用區,藝文專
B10520,B,特定專用區,10,特定文化專用區,191,127,255,520,文化社教專用區,文社專
B10530,B,特定專用區,10,特定文化專用區,191,127,255,530,山地文化專用區,山文專
B10540,B,特定專用區,10,特定文化專用區,191,127,255,540,文化景觀專用區,文景專
B10550,B,特定專用區,10,特定文化專用區,191,127,255,550,養生文化專用區,養文專
B10560,B,特定專用區,10,特定文化專用區,191,127,255,560,創意文化專用區,創文專
B10570,B,特定專用區,10,特定文化專用區,191,127,255,570,歷史聚落專用區,史聚專
B10580,B,特定專用區,10,特定文化專用區,191,127,255,580,社教專用區,社教專
B10590,B,特定專用區,10,特定文化專用區,191,127,255,590,林業文化專用區,林文專
B10600,B,特定專用區,10,特定文化專用區,191,127,255,600,歷史風貌專用區,史貌專
B10610,B,特定專用區,10,特定文化專用區,191,127,255,610,水源地文化專用區,水文專
B10620,B,特定專用區,10,特定文化專用區,191,127,255,620,糖業文化專用區,糖文專
B10630,B,特定專用區,10,特定文化專用區,191,127,255,630,博物館專用區,博館專
B10640,B,特定專用區,10,特定文化專用區,191,127,255,640,眷村風貌特定專用區,眷專
B10650,B,特定專用區,10,特定文化專用區,191,127,255,650,文化特定專用區,文特
B10660,B,特定專用區,10,特定文化專用區,191,127,255,660,原住民文化專用區,原專
B11000,B,特定專用區,11,農業專用區,127,255,0,0,農業專用區,農專
B11500,B,特定專用區,11,農業專用區,127,255,0,500,糧倉專用區,糧專
B11510,B,特定專用區,11,農業專用區,127,255,0,510,農業研發專用區,農研專
B11520,B,特定專用區,11,農業專用區,127,255,0,520,農業科技專用區,農科專
B11530,B,特定專用區,11,農業專用區,127,255,0,530,菜宅專用區,菜專
B11540,B,特定專用區,11,農業專用區,127,255,0,540,休閒農業專用區,休農專
B12000,B,特定專用區,12,林業專用區,127,255,0,0,林業專用區,林專
B13000,B,特定專用區,13,漁業專用區,127,255,255,0,漁業專用區,漁專
B13500,B,特定專用區,13,漁業專用區,127,255,255,500,觀光漁業專用區,觀漁專
B13510,B,特定專用區,13,漁業專用區,127,255,255,510,休閒漁業專用區,休漁專
B13520,B,特定專用區,13,漁業專用區,127,255,255,520,漁業養殖專用區,漁專
B14000,B,特定專用區,14,鹽業專用區,127,63,0,0,鹽業專用區,鹽專
B15000,B,特定專用區,15,醫療專用區,0,127,255,0,醫療專用區,醫專
B15010,B,特定專用區,15,醫療專用區,0,127,255,10,第一種醫療專用區,醫專一
B15020,B,特定專用區,15,醫療專用區,0,127,255,20,第二種醫療專用區,醫專二
B15030,B,特定專用區,15,醫療專用區,0,127,255,30,第三種醫療專用區,醫專三
B15500,B,特定專用區,15,醫療專用區,0,127,255,500,醫院專用區,醫院專
B15510,B,特定專用區,15,醫療專用區,0,127,255,510,戶外復建訓練專用區,復建專
B15520,B,特定專用區,15,醫療專用區,0,127,255,520,醫護特定專用區,醫護專
B15530,B,特定專用區,15,醫療專用區,0,127,255,530,醫療設施專用區,醫設專
B16000,B,特定專用區,16,行政專用區,0,127,255,0,行政專用區,行政專
B16500,B,特定專用區,16,行政專用區,0,127,255,500,新市政中心專用區,新市政專
B17000,B,特定專用區,17,使館專用區,0,127,255,0,使館專用區,使專
B18000,B,特定專用區,18,宗教專用區,127,255,0,0,宗教專用區,宗專
B18010,B,特定專用區,18,宗教專用區,127,255,0,10,第一種宗教專用區,宗專一
B18020,B,特定專用區,18,宗教專用區,127,255,0,20,第二種宗教專用區,宗專二
B18500,B,特定專用區,18,宗教專用區,127,255,0,500,宗教活動專用區,宗活專
B18510,B,特定專用區,18,宗教專用區,127,255,0,510,寺廟專用區,寺專
B19000,B,特定專用區,19,社會福利專用區,0,127,255,0,社會福利專用區,社福專
B19500,B,特定專用區,19,社會福利專用區,0,127,255,500,社會福利事業專用區,社福專
B19510,B,特定專用區,19,社會福利專用區,0,127,255,510,安養中心專用區,安養專
B19511,B,特定專用區,19,社會福利專用區,0,127,255,511,老人安養專用區,安養專
B19520,B,特定專用區,19,社會福利專用區,0,127,255,520,兒童教養專用區,兒教專
B19530,B,特定專用區,19,社會福利專用區,0,127,255,530,啟智中心專用區,啟智專
B19540,B,特定專用區,19,社會福利專用區,0,127,255,540,殘障教養機構專用區,殘教專
B19550,B,特定專用區,19,社會福利專用區,0,127,255,550,社會福利設施專用區,社福專
B20000,B,特定專用區,20,車站專用區,0,127,255,0,車站專用區,車站專
B20001,B,特定專用區,20,車站專用區,0,127,255,1,車站專用區兼供道路使用,車站專(道)
B20500,B,特定專用區,20,車站專用區,0,127,255,500,客運車站專用區,客站專
B20510,B,特定專用區,20,車站專用區,0,127,255,510,捷運車站專用區,捷站專
B20520,B,特定專用區,20,車站專用區,0,127,255,520,高鐵車站專用區,高站專
B21000,B,特定專用區,21,民用航空專用區,0,127,255,0,民用航空專用區,航專
B22000,B,特定專用區,22,港埠專用區,127,63,0,0,港埠專用區,港專
B22001,B,特定專用區,22,港埠專用區,127,63,0,1,港埠專用區兼供排水使用,港專(排)
B22500,B,特定專用區,22,港埠專用區,127,63,0,500,遊艇港專用區,遊港專
B22510,B,特定專用區,22,港埠專用區,127,63,0,510,漁港專用區,漁港專
B23000,B,特定專用區,23,加油站專用區,255,0,255,0,加油站專用區,油專
B23500,B,特定專用區,23,加油站專用區,255,0,255,500,加氣站專用區,氣專
B24000,B,特定專用區,24,油庫專用區,255,0,255,0,油庫專用區,油庫專
B24010,B,特定專用區,24,油庫專用區,255,0,255,10,第一種油庫專用區,油庫專一
B24020,B,特定專用區,24,油庫專用區,255,0,255,20,第二種油庫專用區,油庫專二
B25000,B,特定專用區,25,風景專用區,0,255,0,0,風景專用區,風專
B25010,B,特定專用區,25,風景專用區,0,255,0,10,第一種風景專用區,風專一
B25020,B,特定專用區,25,風景專用區,0,255,0,20,第二種風景專用區,風專二
B26000,B,特定專用區,26,休閒專用區,0,255,0,0,休閒專用區,休專
B26500,B,特定專用區,26,休閒專用區,0,255,0,500,運動休閒專用區,運休專
B26501,B,特定專用區,26,休閒專用區,0,255,0,501,自行車專用區,自行車
B26510,B,特定專用區,26,休閒專用區,0,255,0,510,休閒旅遊專用區,休旅專
B26520,B,特定專用區,26,休閒專用區,0,255,0,520,高爾夫球場專用區,高球專
B26530,B,特定專用區,26,休閒專用區,0,255,0,530,健康休閒專用區,健休專
B26540,B,特定專用區,26,休閒專用區,0,255,0,540,特定文化休閒專用區,文休專
B26541,B,特定專用區,26,休閒專用區,0,255,0,541,第一種特定文化休閒專用區,文休專一
B26542,B,特定專用區,26,休閒專用區,0,255,0,542,第二種特定文化休閒專用區,文休專二
B26543,B,特定專用區,26,休閒專用區,0,255,0,543,第三種特定文化休閒專用區,文休專三
B26544,B,特定專用區,26,休閒專用區,0,255,0,544,第四種特定文化休閒專用區,文休專四
B26545,B,特定專用區,26,休閒專用區,0,255,0,545,第五種特定文化休閒專用區,文休專五
B26550,B,特定專用區,26,休閒專用區,0,255,0,550,溫泉度假專用區,溫泉專
B26560,B,特定專用區,26,休閒專用區,0,255,0,560,觀光文化遊憩專用區,文遊專
B27000,B,特定專用區,27,都會公園專用區,0,255,0,0,都會公園專用區,都會公園專
B28000,B,特定專用區,28,水庫專用區,127,255,255,0,水庫專用區,水庫專
B28001,B,特定專用區,28,水庫專用區,127,255,255,1,水庫專用區兼供道路使用,水庫專(道)
B29000,B,特定專用區,29,堤防專用區,255,0,255,0,堤防專用區,堤專
B29500,B,特定專用區,29,堤防專用區,255,0,255,500,海堤專用區,海堤專
B30000,B,特定專用區,30,溝渠專用區,127,255,255,0,溝渠專用區,溝專
B31000,B,特定專用區,31,溫泉專用區,127,255,255,0,溫泉專用區,溫泉專
B32000,B,特定專用區,32,灌溉設施專用區,127,255,255,0,灌溉設施專用區,灌專
B32500,B,特定專用區,32,灌溉設施專用區,127,255,255,500,灌溉溝渠專用區,灌專
B33000,B,特定專用區,33,殯葬專用區,255,255,127,0,殯葬專用區,殯專
B33500,B,特定專用區,33,殯葬專用區,255,255,127,500,殯葬設施專用區,殯專
B33510,B,特定專用區,33,殯葬專用區,255,255,127,510,火葬場專用區,火葬專
B34000,B,特定專用區,34,屠宰專用區,183,183,183,0,屠宰專用區,屠專
B35000,B,特定專用區,35,研究專用區,0,127,255,0,研究專用區,研專
B35500,B,特定專用區,35,研究專用區,0,127,255,500,食品工業研究所專用區,食研所專
B35510,B,特定專用區,35,研究專用區,0,127,255,510,台糖公司研究所專用區,糖研所專
B36000,B,特定專用區,36,特定公用設施專用區,0,127,255,0,特定公用設施專用區,公設專
B37000,B,特定專用區,37,墳墓專用區,0,255,0,0,墳墓專用區,墳專
B37500,B,特定專用區,37,墳墓專用區,0,255,0,500,納骨塔專用區,納骨塔專
B38000,B,特定專用區,38,保存專用區,127,255,0,0,保存專用區,存專
B38500,B,特定專用區,38,保存專用區,127,255,0,500,聚落風貌保存專用區,聚落專
B38510,B,特定專用區,38,保存專用區,127,255,0,510,傳統建築專用區,傳建專
B38520,B,特定專用區,38,保存專用區,127,255,0,520,閩南建築專用區,閩建專
B38530,B,特定專用區,38,保存專用區,127,255,0,530,臺中州廳專用區,州廳專
B39000,B,特定專用區,39,中心專用區,255,0,255,0,中心專用區,中心
B39500,B,特定專用區,39,中心專用區,255,0,255,500,新市政中心專用區,新
B39501,B,特定專用區,39,中心專用區,255,0,255,501,第一種新市政中心專用區,新一
B39502,B,特定專用區,39,中心專用區,255,0,255,502,第二種新市政中心專用區,新二
B39503,B,特定專用區,39,中心專用區,255,0,255,503,第三種新市政中心專用區,新三
B39504,B,特定專用區,39,中心專用區,255,0,255,504,第四種新市政中心專用區,新四
B39505,B,特定專用區,39,中心專用區,255,0,255,505,第五種新市政中心專用區,新五
B39506,B,特定專用區,39,中心專用區,255,0,255,506,第六種新市政中心專用區,新六
B39507,B,特定專用區,39,中心專用區,255,0,255,507,第七種新市政中心專用區,新七
B39508,B,特定專用區,39,中心專用區,255,0,255,508,第八種新市政中心專用區,新八
B40000,B,特定專用區,40,旅館專用區,255,0,255,0,旅館專用區,旅專
B41000,B,特定專用區,41,影視音產業專用區,255,0,63,0,影視音產業區,影
B99000,B,特定專用區,99,其他專用區,255,255,255,0,其他專用區,其他專用
B99001,B,特定專用區,99,其他專用區,255,255,255,1,停車場專用區,停專
B99002,B,特定專用區,99,其他專用區,255,255,255,2,河濱專用區,河濱專
B99003,B,特定專用區,99,其他專用區,255,255,255,3,機場邊緣特定專用區,機場邊緣專
C01000,C,公共設施用地,1,公園用地,0,255,0,0,公園用地,公
C01001,C,公共設施用地,1,公園用地,0,255,0,1,公園用地兼供排水使用,公(排)
C01002,C,公共設施用地,1,公園用地,0,255,0,2,公園兼兒童遊樂場用地,公(兒)
C01003,C,公共設施用地,1,公園用地,0,255,0,3,公園兼兒童遊戲場用地,公(兒)
C01004,C,公共設施用地,1,公園用地,0,255,0,4,公園兼廣場用地,公(廣)
C01005,C,公共設施用地,1,公園用地,0,255,0,5,公園兼滯洪池用地,公(池)
C01006,C,公共設施用地,1,公園用地,0,255,0,6,公園兼綠地,公(綠)
C01007,C,公共設施用地,1,公園用地,0,255,0,7,公園兼廣場用地,公(廣)
C01008,C,公共設施用地,1,公園用地,0,255,0,8,公園兼體育場用地,公(體)
C01009,C,公共設施用地,1,公園用地,0,255,0,9,公園用地兼河道使用,公(河)
C01010,C,公共設施用地,1,公園用地,0,255,0,10,公園兼自來水設施用地,公(自)
C01011,C,公共設施用地,1,公園用地,0,255,0,11,公園兼污水處理廠用地,公(污)
C01012,C,公共設施用地,1,公園用地,0,255,0,12,公園用地兼供道路使用,公(道)
C01012,C,公共設施用地,1,公園用地,0,255,0,12,公園兼兒童遊戲場用地兼供排水使用,公(兒排)
C01013,C,公共設施用地,1,公園用地,0,255,0,13,公園兼綠帶,公(綠)
C01014,C,公共設施用地,1,公園用地,0,255,0,14,公園用地兼作調節池使用,公(調)
C01015,C,公共設施用地,1,公園用地,0,255,0,15,公園用地兼遺址保存用地,公(遺址)
C01016,C,公共設施用地,1,公園用地,0,255,0,16,公園用地兼供水資源回收設施用地,公(水資)
C01500,C,公共設施用地,1,公園用地,0,255,0,500,運動公園用地,運公
C01510,C,公共設施用地,1,公園用地,0,255,0,510,都會公園用地,都公
C01520,C,公共設施用地,1,公園用地,0,255,0,520,河濱公園用地,濱公
C01530,C,公共設施用地,1,公園用地,0,255,0,530,森林公園用地,森公
C01540,C,公共設施用地,1,公園用地,0,255,0,540,鄰里公園用地,公
C01541,C,公共設施用地,1,公園用地,0,255,0,541,鄰里公園用地兼作兒童遊樂場使用,公(兒)
C01550,C,公共設施用地,1,公園用地,0,255,0,550,自然公園用地,自公
C02000,C,公共設施用地,2,綠地,0,255,0,0,綠地,綠
C02001,C,公共設施用地,2,綠地,0,255,0,1,綠地兼供溝渠使用,綠(溝)
C02002,C,公共設施用地,2,綠地,0,255,0,2,綠地兼供道路使用,綠(道)
C02003,C,公共設施用地,2,綠地,0,255,0,3,綠地兼環保設施用地,綠(環)
C02004,C,公共設施用地,2,綠地,0,255,0,4,綠地兼供捷運系統使用,綠(捷)
C02005,C,公共設施用地,2,綠地,0,255,0,5,綠地兼污水處理廠用地,綠(污)
C02006,C,公共設施用地,2,綠地,0,255,0,6,綠地兼供人行步道使用,綠(人)
C02007,C,公共設施用地,2,綠地,0,255,0,7,綠地兼兒童遊樂場,綠(兒)
C02008,C,公共設施用地,2,綠地,0,255,0,8,綠地兼供高速公路使用,綠(高)
C02009,C,公共設施用地,2,綠地,0,255,0,9,綠地兼供鐵路使用,綠(鐵)
C02010,C,公共設施用地,2,綠地,0,255,0,10,綠地兼作排水道使用,綠(排)
C02500,C,公共設施用地,2,綠地,0,255,0,500,綠帶,綠帶
C02510,C,公共設施用地,2,綠地,0,255,0,510,綠道,綠道
C02520,C,公共設施用地,2,綠地,0,255,0,520,生態綠地,綠
C02530,C,公共設施用地,2,綠地,0,255,0,530,綠地綠帶,綠
C02540,C,公共設施用地,2,綠地,0,255,0,540,綠園道,綠
C03000,C,公共設施用地,3,兒童遊樂場用地,0,255,0,0,兒童遊樂場用地,兒
C03001,C,公共設施用地,3,兒童遊樂場用地,0,255,0,1,兒童遊樂場用地兼供道路使用,兒(道)
C03500,C,公共設施用地,3,兒童遊樂場用地,0,255,0,500,兒童遊戲場用地,兒
C04000,C,公共設施用地,4,體育場所用地,0,255,0,0,體育場用地,體
C04001,C,公共設施用地,4,體育場所用地,0,255,0,1,體育場兼公園用地,體(公)
C04002,C,公共設施用地,4,體育場所用地,0,255,0,2,體育場用地兼供道路使用,體(道)
C04500,C,公共設施用地,4,體育場所用地,0,255,0,500,體育館用地,體
C04510,C,公共設施用地,4,體育場所用地,0,255,0,510,游泳池用地,游
C04520,C,公共設施用地,4,體育場所用地,0,255,0,520,運動場用地,體
C04530,C,公共設施用地,4,體育場所用地,0,255,0,530,綜合運動場用地,體
C04540,C,公共設施用地,4,體育場所用地,0,255,0,540,綜合體育場用地,體
C04550,C,公共設施用地,4,體育場所用地,0,255,0,550,市民運動中心用地,運動中心
C04560,C,公共設施用地,4,體育場所用地,0,255,0,560,高爾夫球場用地,高爾夫
C05000,C,公共設施用地,5,廣場用地,255,0,255,0,廣場用地,廣
C05001,C,公共設施用地,5,廣場用地,255,0,255,1,廣場兼停車場用地,廣(停)
C05002,C,公共設施用地,5,廣場用地,255,0,255,2,廣場兼捷運系統用地,廣(捷)
C05003,C,公共設施用地,5,廣場用地,255,0,255,3,廣場兼車站用地,廣(車)
C05004,C,公共設施用地,5,廣場用地,255,0,255,4,廣場兼道路用地,廣(道)
C05005,C,公共設施用地,5,廣場用地,255,0,255,5,廣場兼兒童遊樂場用地,廣(兒)
C05006,C,公共設施用地,5,廣場用地,255,0,255,6,廣場兼供自行車道用地,廣(自)
C05007,C,公共設施用地,5,廣場用地,255,0,255,7,廣場兼供道路使用,廣(道)
C05008,C,公共設施用地,5,廣場用地,255,0,255,8,廣場兼供溝渠使用,廣(溝)
C05009,C,公共設施用地,5,廣場用地,255,0,255,9,廣場兼停車場兼供排水使用,廣(停排)
C05010,C,公共設施用地,5,廣場用地,255,0,255,10,廣場兼作服務中心使用,廣(服)
C05011,C,公共設施用地,5,廣場用地,255,0,255,11,廣場兼作污水處理場使用,廣(污)
C06000,C,公共設施用地,6,市場用地,255,63,0,0,市場用地,市
C06001,C,公共設施用地,6,市場用地,255,63,0,1,市場用地兼供批發市場使用,市(批)
C06500,C,公共設施用地,6,市場用地,255,63,0,500,批發市場用地,批
C06501,C,公共設施用地,6,市場用地,255,63,0,501,批發市場兼零售市場用地,批(零)
C06550,C,公共設施用地,6,市場用地,255,63,0,550,零售市場用地,零
C06600,C,公共設施用地,6,市場用地,255,63,0,600,果菜市場用地,果
C06610,C,公共設施用地,6,市場用地,255,63,0,610,果菜批發市場用地,果批
C06650,C,公共設施用地,6,市場用地,255,63,0,650,漁市場用地,魚市
C07000,C,公共設施用地,7,公用事業用地,183,183,183,0,公用事業用地,公用
C07500,C,公共設施用地,7,公用事業用地,183,183,183,500,加壓站用地,加壓站
C07510,C,公共設施用地,7,公用事業用地,183,183,183,510,儲油設施用地,油
C07520,C,公共設施用地,7,公用事業用地,183,183,183,520,瓦斯站用地,瓦斯站
C07521,C,公共設施用地,7,公用事業用地,183,183,183,521,配氣站用地,配氣站
C07530,C,公共設施用地,7,公用事業用地,183,183,183,530,貯氣槽用地,貯氣槽
C07540,C,公共設施用地,7,公用事業用地,183,183,183,540,瓦斯加壓站用地,瓦(壓)
C07550,C,公共設施用地,7,公用事業用地,183,183,183,550,液化天然氣設施用地,液
C07560,C,公共設施用地,7,公用事業用地,183,183,183,560,煤氣廠用地,煤
C07561,C,公共設施用地,7,公用事業用地,183,183,183,561,煤氣公用事業用地,煤
C07570,C,公共設施用地,7,公用事業用地,183,183,183,570,油庫用地,油庫
C07580,C,公共設施用地,7,公用事業用地,183,183,183,580,污水抽水站用地,污
C07590,C,公共設施用地,7,公用事業用地,183,183,183,590,污水加壓站用地,污
C07600,C,公共設施用地,7,公用事業用地,183,183,183,600,污水處理場用地,污
C07601,C,公共設施用地,7,公用事業用地,183,183,183,601,污水處理場用地兼供抽水站使用,污(抽)
C07610,C,公共設施用地,7,公用事業用地,183,183,183,610,污水處理廠用地,污
C07611,C,公共設施用地,7,公用事業用地,183,183,183,611,污水處理廠用地兼供道路使用,污(道)
C07620,C,公共設施用地,7,公用事業用地,183,183,183,620,國家公園區污水處理用地,污
C07630,C,公共設施用地,7,公用事業用地,183,183,183,630,垃圾掩埋廠用地,垃
C07640,C,公共設施用地,7,公用事業用地,183,183,183,640,垃圾處理廠用地,垃
C07641,C,公共設施用地,7,公用事業用地,183,183,183,641,垃圾處理廠兼道路用地,垃(道)
C07650,C,公共設施用地,7,公用事業用地,183,183,183,650,垃圾處理場用地,垃
C07651,C,公共設施用地,7,公用事業用地,183,183,183,651,垃圾處理場兼道路用地,垃(道)
C07660,C,公共設施用地,7,公用事業用地,183,183,183,660,垃圾焚化爐用地,垃
C07670,C,公共設施用地,7,公用事業用地,183,183,183,670,垃圾掩埋場用地,垃
C07680,C,公共設施用地,7,公用事業用地,183,183,183,680,環保用地,環保
C07681,C,公共設施用地,7,公用事業用地,183,183,183,681,環保兼垃圾處理場用地,環保(垃)
C07690,C,公共設施用地,7,公用事業用地,183,183,183,690,環保設施用地,環保
C07700,C,公共設施用地,7,公用事業用地,183,183,183,700,核電廠用地,核電
C07710,C,公共設施用地,7,公用事業用地,183,183,183,710,發電廠用地,發電
C07720,C,公共設施用地,7,公用事業用地,183,183,183,720,變電所用地,變
C07721,C,公共設施用地,7,公用事業用地,183,183,183,721,變電所用地兼供道路使用,變(道)
C07730,C,公共設施用地,7,公用事業用地,183,183,183,730,下水道用地,下水
C07731,C,公共設施用地,7,公用事業用地,183,183,183,731,下水道用地兼溝渠用地,下水(溝)
C07732,C,公共設施用地,7,公用事業用地,183,183,183,732,下水道用地兼供道路使用,下水(道)
C07733,C,公共設施用地,7,公用事業用地,183,183,183,733,下水道用地兼供抽水站使用,下水(抽)
C07734,C,公共設施用地,7,公用事業用地,183,183,183,734,下水道用地兼供抽水站及道路使用,下水(抽道)
C07735,C,公共設施用地,7,公用事業用地,183,183,183,735,下水道用地兼供截流站使用,下水(截)
C07750,C,公共設施用地,7,公用事業用地,183,183,183,750,屠宰場用地,屠
C07760,C,公共設施用地,7,公用事業用地,183,183,183,760,自來水及瓦斯用地,水瓦
C07770,C,公共設施用地,7,公用事業用地,183,183,183,770,產業支援設施用地,產業支援
C07780,C,公共設施用地,7,公用事業用地,183,183,183,780,土石方資源堆置場用地,土石
C07790,C,公共設施用地,7,公用事業用地,183,183,183,790,輸送帶用地,輸送帶
C07800,C,公共設施用地,7,公用事業用地,183,183,183,800,廢棄物處理場用地,廢
C07810,C,公共設施用地,7,公用事業用地,183,183,183,810,電纜管路用地,電管
C08000,C,公共設施用地,8,殯葬設施用地,255,255,127,0,殯葬設施用地,殯
C08500,C,公共設施用地,8,殯葬設施用地,255,255,127,500,火葬場用地,火
C08501,C,公共設施用地,8,殯葬設施用地,255,255,127,501,火化場用地,火
C08510,C,公共設施用地,8,殯葬設施用地,255,255,127,510,殯儀館用地,殯
C09000,C,公共設施用地,9,墳墓用地,0,255,0,0,墳墓用地,墓
C09500,C,公共設施用地,9,墳墓用地,0,255,0,500,公墓用地,墓
C09510,C,公共設施用地,9,墳墓用地,0,255,0,510,軍人公墓用地,墓
C09520,C,公共設施用地,9,墳墓用地,0,255,0,520,納骨塔用地,骨
C10000,C,公共設施用地,10,交通用地,0,127,255,0,交通用地,交
C10001,C,公共設施用地,10,交通用地,0,127,255,1,交通用地兼廣場用地,交(廣)
C10002,C,公共設施用地,10,交通用地,0,127,255,2,交通用地兼綠地,交(綠)
C10003,C,公共設施用地,10,交通用地,0,127,255,3,交通用地兼供道路使用,交(道)
C10500,C,公共設施用地,10,交通用地,0,127,255,500,公車調度站用地,公車調度站
C10510,C,公共設施用地,10,交通用地,0,127,255,510,捷運系統用地,捷
C10511,C,公共設施用地,10,交通用地,0,127,255,511,捷運系統用地兼供排水使用,捷(排)
C10512,C,公共設施用地,10,交通用地,0,127,255,512,捷運系統用地兼供機關使用,捷(機)
C10513,C,公共設施用地,10,交通用地,0,127,255,513,捷運系統用地兼供人行步道使用,捷(人)
C10514,C,公共設施用地,10,交通用地,0,127,255,514,捷運系統用地兼供公園使用,捷(公)
C10515,C,公共設施用地,10,交通用地,0,127,255,515,捷運系統用地兼供停車場用地,捷(停)
C10516,C,公共設施用地,10,交通用地,0,127,255,516,捷運系統用地兼供道路使用,捷(道)
C10517,C,公共設施用地,10,交通用地,0,127,255,517,捷運系統用地兼作鐵路使用,捷(鐵)
C10518,C,公共設施用地,10,交通用地,0,127,255,518,捷運系統用地兼作廣場使用,捷(廣)
C10530,C,公共設施用地,10,交通用地,0,127,255,530,捷運設施用地,捷
C10550,C,公共設施用地,10,交通用地,0,127,255,550,捷運機廠用地,捷廠
C10600,C,公共設施用地,10,交通用地,0,127,255,600,國家公園區交通用地,交
C10610,C,公共設施用地,10,交通用地,0,127,255,610,交通廣場用地,交廣
C10620,C,公共設施用地,10,交通用地,0,127,255,620,交通事業用地,交
C10630,C,公共設施用地,10,交通用地,0,127,255,630,橋樑用地,橋
C10640,C,公共設施用地,10,交通用地,0,127,255,640,隧道用地,隧
C11000,C,公共設施用地,11,道路用地,255,255,255,0,道路用地,
C11001,C,公共設施用地,11,道路用地,255,255,255,1,道路用地兼供排水使用,道(排)
C11002,C,公共設施用地,11,道路用地,255,255,255,2,道路用地兼供河川使用,道(河)
C11003,C,公共設施用地,11,道路用地,255,255,255,3,道路用地兼供園道使用,道(園道)
C11004,C,公共設施用地,11,道路用地,255,255,255,4,道路用地兼供快速公路使用,道(快)
C11005,C,公共設施用地,11,道路用地,255,255,255,5,道路用地兼供高速公路使用,道(高)
C11006,C,公共設施用地,11,道路用地,255,255,255,6,道路用地兼供捷運系統使用,道(捷)
C11007,C,公共設施用地,11,道路用地,255,255,255,7,道路用地兼供溝渠使用,道(溝)
C11008,C,公共設施用地,11,道路用地,255,255,255,8,道路用地兼供鐵路使用,道(鐵)
C11009,C,公共設施用地,11,道路用地,255,255,255,9,道路兼停車場用地,道(停)
C11010,C,公共設施用地,11,道路用地,255,255,255,10,道路兼廣場用地,道(廣)
C11011,C,公共設施用地,11,道路用地,255,255,255,11,道路兼堤防用地,道(堤)
C11012,C,公共設施用地,11,道路用地,255,255,255,12,道路用地兼供水利設施使用,道(水)
C11013,C,公共設施用地,11,道路用地,255,255,255,13,道路用地兼供水溝使用,道(水)
C11014,C,公共設施用地,11,道路用地,255,255,255,14,道路用地兼河川區,道(河)
C11015,C,公共設施用地,11,道路用地,255,255,255,15,道路兼河道用地,道(河)
C11016,C,公共設施用地,11,道路用地,255,255,255,16,道路兼高速公路用地,道(高)
C11017,C,公共設施用地,11,道路用地,255,255,255,17,道路兼鐵路用地,道(鐵)
C11018,C,公共設施用地,11,道路用地,255,255,255,18,道路用地兼供經貿服務設施使用,道(經)
C11500,C,公共設施用地,11,道路用地,255,255,255,500,景觀道路用地,景觀道路
C11510,C,公共設施用地,11,道路用地,255,255,255,510,自行車道用地,自行車道
C11520,C,公共設施用地,11,道路用地,255,255,255,520,賞蝶道路用地,賞蝶道
C12000,C,公共設施用地,12,高(快)速公路用地,255,0,255,0,高速公路用地,高公
C12001,C,公共設施用地,12,高(快)速公路用地,255,0,255,1,高速公路用地兼供水利使用,高公(水)
C12002,C,公共設施用地,12,高(快)速公路用地,255,0,255,2,高速公路用地兼供捷運系統使用,高公(捷)
C12003,C,公共設施用地,12,高(快)速公路用地,255,0,255,3,高速公路用地兼供道路使用,高公(道)
C12004,C,公共設施用地,12,高(快)速公路用地,255,0,255,4,高速公路用地兼供高速鐵路使用,高公(高鐵)
C12005,C,公共設施用地,12,高(快)速公路用地,255,0,255,5,高速公路用地兼供鐵路使用,高公(鐵)
C12006,C,公共設施用地,12,高(快)速公路用地,255,0,255,6,高速公路用地兼供公園使用,高公(公)
C12007,C,公共設施用地,12,高(快)速公路用地,255,0,255,7,高速公路用地兼供公園兼兒童遊樂場使用,高公(公兒)
C12008,C,公共設施用地,12,高(快)速公路用地,255,0,255,8,高速公路用地兼供人行步道使用,高公(人)
C12008,C,公共設施用地,12,高(快)速公路用地,255,0,255,8,高速公路用地兼供高速鐵路使用,高公(高鐵)
C12008,C,公共設施用地,12,高(快)速公路用地,255,0,255,8,高速公路用地兼供鐵路兼道路使用,高公(鐵道)
C12009,C,公共設施用地,12,高(快)速公路用地,255,0,255,9,高速公路用地兼供抽水站使用,高公(抽)
C12010,C,公共設施用地,12,高(快)速公路用地,255,0,255,10,高速公路兼鐵路用地,高公(鐵)
C12500,C,公共設施用地,12,高(快)速公路用地,255,0,255,500,快速公路用地,快
C12501,C,公共設施用地,12,高(快)速公路用地,255,0,255,501,快速公路用地兼道路用地,快(道)
C12502,C,公共設施用地,12,高(快)速公路用地,255,0,255,502,快速公路用地兼高速公路用地,快(高)
C12503,C,公共設施用地,12,高(快)速公路用地,255,0,255,503,快速公路用地兼供河川區使用,快(河)
C12504,C,公共設施用地,12,高(快)速公路用地,255,0,255,504,快速公路用地兼供道路使用,快(道)
C12505,C,公共設施用地,12,高(快)速公路用地,255,0,255,505,快速公路用地兼供鐵路使用,快(鐵)
C12506,C,公共設施用地,12,高(快)速公路用地,255,0,255,506,快速公路用地兼供溝渠使用,快(溝)
C13000,C,公共設施用地,13,園道用地,0,255,0,0,園道用地,園道
C13001,C,公共設施用地,13,園道用地,0,255,0,1,園道用地兼供排水及道路使用,園道(排道)
C13002,C,公共設施用地,13,園道用地,0,255,0,2,園道用地兼供鐵路使用,園道(鐵)
C13003,C,公共設施用地,13,園道用地,0,255,0,3,園道用地兼供河道使用,園道(河)
C13004,C,公共設施用地,13,園道用地,0,255,0,4,園道用地兼供溝渠使用,園道(溝)
C14000,C,公共設施用地,14,人行步道用地,255,255,255,0,人行步道用地,人
C14001,C,公共設施用地,14,人行步道用地,255,255,255,1,人行步道兼廣場用地,人(廣)
C14002,C,公共設施用地,14,人行步道用地,255,255,255,2,人行步道用地兼供排水使用,人(排)
C14500,C,公共設施用地,14,人行步道用地,255,255,255,500,景觀步道用地,
C14510,C,公共設施用地,14,人行步道用地,255,255,255,510,綠化步道用地,
C15000,C,公共設施用地,15,鐵路用地,183,183,183,0,鐵路用地,鐵
C15001,C,公共設施用地,15,鐵路用地,183,183,183,1,鐵路用地兼供公園使用,鐵(公)
C15002,C,公共設施用地,15,鐵路用地,183,183,183,2,鐵路用地兼供河川使用,鐵(河)
C15003,C,公共設施用地,15,鐵路用地,183,183,183,3,鐵路用地兼供高速公路使用,鐵(高)
C15004,C,公共設施用地,15,鐵路用地,183,183,183,4,鐵路用地兼供排水使用,鐵(排)
C15005,C,公共設施用地,15,鐵路用地,183,183,183,5,鐵路用地兼供道路使用,鐵(道)
C15006,C,公共設施用地,15,鐵路用地,183,183,183,6,鐵路用地兼供電路電塔使用,鐵(塔)
C15007,C,公共設施用地,15,鐵路用地,183,183,183,7,鐵路用地兼供社教機構使用,鐵(社)
C15500,C,公共設施用地,15,鐵路用地,183,183,183,500,台糖鐵路用地,糖鐵
C15600,C,公共設施用地,15,鐵路用地,183,183,183,600,高速鐵路用地,高鐵
C15601,C,公共設施用地,15,鐵路用地,183,183,183,601,高速鐵路用地兼供公園使用,高鐵(公)
C15602,C,公共設施用地,15,鐵路用地,183,183,183,602,高速鐵路用地兼供園道使用,高鐵(園道)
C15603,C,公共設施用地,15,鐵路用地,183,183,183,603,高速鐵路用地兼供道路使用,高鐵(道)
C15700,C,公共設施用地,15,鐵路用地,183,183,183,700,觀光鐵道用地,觀鐵
C15701,C,公共設施用地,15,鐵路用地,183,183,183,701,觀光鐵道用地兼供道路使用,觀鐵(道)
C16000,C,公共設施用地,16,停車場用地,255,63,0,0,停車場用地,停
C16001,C,公共設施用地,16,停車場用地,255,63,0,1,停車場兼廣場用地,停(廣)
C16002,C,公共設施用地,16,停車場用地,255,63,0,2,停車場兼供電影文化中心使用,停(文化中心)
C16003,C,公共設施用地,16,停車場用地,255,63,0,3,停車場用地兼供道路使用,停(道)
C16500,C,公共設施用地,16,停車場用地,255,63,0,500,站場用地,站場
C16510,C,公共設施用地,16,停車場用地,255,63,0,510,貨櫃停車場用地,櫃停
C17000,C,公共設施用地,17,加油站用地,255,0,255,0,加油站用地,油
C18000,C,公共設施用地,18,車站用地,0,127,255,0,車站用地,車站
C18001,C,公共設施用地,18,車站用地,0,127,255,1,車站兼捷運系統用地,車站(捷)
C18002,C,公共設施用地,18,車站用地,0,127,255,2,車站兼道路用地,車站(道)
C18003,C,公共設施用地,18,車站用地,0,127,255,3,車站用地兼供旅遊服務中心使用,車站(旅)
C18500,C,公共設施用地,18,車站用地,0,127,255,500,大眾運輸轉運站用地,轉運站
C18600,C,公共設施用地,18,車站用地,0,127,255,600,客運車站用地,客運車站
C18610,C,公共設施用地,18,車站用地,0,127,255,610,公路車站用地,公路車站
C18700,C,公共設施用地,18,車站用地,0,127,255,700,捷運車站用地,捷運車站
C18701,C,公共設施用地,18,車站用地,0,127,255,701,捷運車站用地兼供道路使用,捷運車站(道)
C18800,C,公共設施用地,18,車站用地,0,127,255,800,纜車站用地,纜車站
C19000,C,公共設施用地,19,港埠用地,127,63,0,0,港埠用地,港
C19010,C,公共設施用地,19,港埠用地,127,63,0,10,遊艇碼頭用地,遊艇碼頭
C19020,C,公共設施用地,19,港埠用地,127,63,0,20,漁港用地,漁港
C19030,C,公共設施用地,19,港埠用地,127,63,0,30,碼頭用地,碼頭
C19040,C,公共設施用地,19,港埠用地,127,63,0,40,堤防碼頭用地,碼頭
C19050,C,公共設施用地,19,港埠用地,127,63,0,50,船站用地,船站
C20000,C,公共設施用地,20,航空站用地,0,127,255,0,航空站用地,航
C20010,C,公共設施用地,20,航空站用地,0,127,255,10,民用航空站用地,航
C20020,C,公共設施用地,20,航空站用地,0,127,255,20,機場用地,航
C21000,C,公共設施用地,21,水利用地,127,255,255,0,水利用地,水利
C21100,C,公共設施用地,21,水利用地,127,255,255,100,水利設施用地,水利設施
C21500,C,公共設施用地,21,水利用地,127,255,255,500,水利事業用地,水利
C21501,C,公共設施用地,21,水利用地,127,255,255,501,水利事業用地兼供道路使用,水利(道)
C21510,C,公共設施用地,21,水利用地,127,255,255,510,水庫用地,水庫
C21520,C,公共設施用地,21,水利用地,127,255,255,520,水域用地,水域
C21521,C,公共設施用地,21,水利用地,127,255,255,521,泊地,泊地
C21600,C,公共設施用地,21,水利用地,127,255,255,600,水溝用地,溝
C21601,C,公共設施用地,21,水利用地,127,255,255,601,水溝用地兼供道路使用,溝(道)
C21650,C,公共設施用地,21,水利用地,127,255,255,650,溝渠用地,溝
C21651,C,公共設施用地,21,水利用地,127,255,255,651,溝渠用地兼供停車場使用,溝(停)
C21652,C,公共設施用地,21,水利用地,127,255,255,652,溝渠用地兼供捷運系統使用,溝(捷)
C21653,C,公共設施用地,21,水利用地,127,255,255,653,溝渠用地兼供綠地使用,溝(綠)
C21654,C,公共設施用地,21,水利用地,127,255,255,654,溝渠用地兼公園用地,溝(公)
C21655,C,公共設施用地,21,水利用地,127,255,255,655,溝渠用地兼廣場用地,溝(廣)
C21656,C,公共設施用地,21,水利用地,127,255,255,656,溝渠用地兼鐵路用地,溝(鐵)
C21657,C,公共設施用地,21,水利用地,127,255,255,657,溝渠用地兼車站用地,溝(車)
C21658,C,公共設施用地,21,水利用地,127,255,255,658,溝渠用地兼供道路使用,溝(道)
C21659,C,公共設施用地,21,水利用地,127,255,255,659,溝渠兼兒童遊樂場用地,溝(兒)
C21700,C,公共設施用地,21,水利用地,127,255,255,700,行水用地,行水
C21750,C,公共設施用地,21,水利用地,127,255,255,750,水質監測站用地,水質站
C21760,C,公共設施用地,21,水利用地,127,255,255,760,沉砂池用地,沉砂池
C21770,C,公共設施用地,21,水利用地,127,255,255,770,抽水站用地,抽水站
C21780,C,公共設施用地,21,水利用地,127,255,255,780,河川用地,河
C21781,C,公共設施用地,21,水利用地,127,255,255,781,河川溝渠用地,河(溝)
C21782,C,公共設施用地,21,水利用地,127,255,255,782,河川水溝用地,河(溝)
C21800,C,公共設施用地,21,水利用地,127,255,255,800,河道用地,河道
C21801,C,公共設施用地,21,水利用地,127,255,255,801,河道用地兼供道路使用,河(道)
C21802,C,公共設施用地,21,水利用地,127,255,255,802,河道用地兼供快速道路使用,河(快)
C21820,C,公共設施用地,21,水利用地,127,255,255,820,排水用地,排
C21830,C,公共設施用地,21,水利用地,127,255,255,830,排水溝用地,溝
C21831,C,公共設施用地,21,水利用地,127,255,255,831,排水溝用地兼供道路使用,排(道)
C21832,C,公共設施用地,21,水利用地,127,255,255,832,排水溝兼停車場用地,排(停)
C21840,C,公共設施用地,21,水利用地,127,255,255,840,排水道用地,排
C21841,C,公共設施用地,21,水利用地,127,255,255,841,排水道用地兼供道路使用,排(道)
C21842,C,公共設施用地,21,水利用地,127,255,255,842,排水道用地兼供經貿服務設施使用,排(經)
C21850,C,公共設施用地,21,水利用地,127,255,255,850,運河用地,運河
C21851,C,公共設施用地,21,水利用地,127,255,255,851,運河用地兼供道路使用,運河(道)
C21860,C,公共設施用地,21,水利用地,127,255,255,860,截流站用地,截流站
C21870,C,公共設施用地,21,水利用地,127,255,255,870,滯洪池用地,滯洪池
C21871,C,公共設施用地,21,水利用地,127,255,255,871,滯洪池用地兼供公園使用,滯洪池(公)
C21872,C,公共設施用地,21,水利用地,127,255,255,872,滯洪池用地兼供道路使用,滯洪池(道)
C21890,C,公共設施用地,21,水利用地,127,255,255,890,蓄水池用地,蓄水池
C21900,C,公共設施用地,21,水利用地,127,255,255,900,調節池用地,調節池
C21910,C,公共設施用地,21,水利用地,127,255,255,910,抽壓水站用地,抽壓水站
C21920,C,公共設施用地,21,水利用地,127,255,255,920,人工湖用地,人工湖
C21930,C,公共設施用地,21,水利用地,127,255,255,930,水道用地,水道
C21940,C,公共設施用地,21,水利用地,127,255,255,940,溫泉水源用地,溫泉
C21950,C,公共設施用地,21,水利用地,127,255,255,950,灌溉用地,灌
C22000,C,公共設施用地,22,堤防用地,255,0,255,0,堤防用地,堤
C22001,C,公共設施用地,22,堤防用地,255,0,255,1,堤防用地兼供快速公路使用,堤(快)
C22002,C,公共設施用地,22,堤防用地,255,0,255,2,堤防用地兼供捷運系統使用,堤(捷)
C22003,C,公共設施用地,22,堤防用地,255,0,255,3,堤防用地兼供道路使用,堤(道)
C22004,C,公共設施用地,22,堤防用地,255,0,255,4,堤防用地兼河川區及道路使用,堤(河道)
C22500,C,公共設施用地,22,堤防用地,255,0,255,500,海堤用地,堤
C22510,C,公共設施用地,22,堤防用地,255,0,255,510,防波堤用地,堤
C23000,C,公共設施用地,23,機關用地,0,127,255,0,機關用地,機
C23001,C,公共設施用地,23,機關用地,0,127,255,1,機關用地兼供排水使用,機(排)
C23002,C,公共設施用地,23,機關用地,0,127,255,2,機關用地兼供古蹟保存使用,機(古)
C23003,C,公共設施用地,23,機關用地,0,127,255,3,機關兼社教用地,機(社)
C23004,C,公共設施用地,23,機關用地,0,127,255,4,機關兼停車場用地,機(停)
C23005,C,公共設施用地,23,機關用地,0,127,255,5,機關用地兼供旅遊服務中心使用,機(旅服)
C23006,C,公共設施用地,23,機關用地,0,127,255,6,機關兼道路用地,機(道)
C23500,C,公共設施用地,23,機關用地,0,127,255,500,醫療用地,醫
C23501,C,公共設施用地,23,機關用地,0,127,255,501,醫療及衛生機構用地,醫衛
C23510,C,公共設施用地,23,機關用地,0,127,255,510,醫院用地,醫院
C23520,C,公共設施用地,23,機關用地,0,127,255,520,社區活動中心用地,社活
C23530,C,公共設施用地,23,機關用地,0,127,255,530,警政機關用地,警
C23531,C,公共設施用地,23,機關用地,0,127,255,531,警察局用地,警局
C23532,C,公共設施用地,23,機關用地,0,127,255,532,派出所用地,派
C23540,C,公共設施用地,23,機關用地,0,127,255,540,軍事機關用地,軍
C23550,C,公共設施用地,23,機關用地,0,127,255,550,軍事用地,軍
C23560,C,公共設施用地,23,機關用地,0,127,255,560,旅遊服務中心用地,旅
C23561,C,公共設施用地,23,機關用地,0,127,255,561,旅遊服務用地,旅
C23570,C,公共設施用地,23,機關用地,0,127,255,570,消防用地,消
C23580,C,公共設施用地,23,機關用地,0,127,255,580,郵政用地,郵
C23590,C,公共設施用地,23,機關用地,0,127,255,590,郵政事業用地,郵
C23600,C,公共設施用地,23,機關用地,0,127,255,600,電力用地,電力
C23610,C,公共設施用地,23,機關用地,0,127,255,610,電力事業用地,電力
C23620,C,公共設施用地,23,機關用地,0,127,255,620,電力設施用地,電設
C23630,C,公共設施用地,23,機關用地,0,127,255,630,電信用地,電信
C23640,C,公共設施用地,23,機關用地,0,127,255,640,電信事業用地,電信
C23650,C,公共設施用地,23,機關用地,0,127,255,650,電路鐵塔用地,電塔
C23660,C,公共設施用地,23,機關用地,0,127,255,660,燈塔用地,燈塔
C23670,C,公共設施用地,23,機關用地,0,127,255,670,警察局用地,警
C23680,C,公共設施用地,23,機關用地,0,127,255,680,自來水用地,自
C23690,C,公共設施用地,23,機關用地,0,127,255,690,自來水事業用地,自
C23691,C,公共設施用地,23,機關用地,0,127,255,691,自來水設施用地,自
C23692,C,公共設施用地,23,機關用地,0,127,255,692,自來水事業用地兼供道路使用,自(道)
C23700,C,公共設施用地,23,機關用地,0,127,255,700,自來水廠用地,水廠
C23710,C,公共設施用地,23,機關用地,0,127,255,710,社教機關用地,社教
C23720,C,公共設施用地,23,機關用地,0,127,255,720,社會福利機關用地,社福
C23721,C,公共設施用地,23,機關用地,0,127,255,721,社會福利設施用地,社福
C23722,C,公共設施用地,23,機關用地,0,127,255,722,社會福利及醫療衛生機構用地,社醫
C23730,C,公共設施用地,23,機關用地,0,127,255,730,衛生醫療機構用地,衛醫
C23740,C,公共設施用地,23,機關用地,0,127,255,740,老人文康活動中心用地,老活
C23750,C,公共設施用地,23,機關用地,0,127,255,750,郵電用地,郵電
C23760,C,公共設施用地,23,機關用地,0,127,255,760,電信郵政事業用地,電郵
C23770,C,公共設施用地,23,機關用地,0,127,255,770,服務中心用地,服
C23780,C,公共設施用地,23,機關用地,0,127,255,780,公共服務設施用地,公共服務
C23790,C,公共設施用地,23,機關用地,0,127,255,790,公共建築用地,公共建築
C23800,C,公共設施用地,23,機關用地,0,127,255,800,公教會館用地,公教會館
C23810,C,公共設施用地,23,機關用地,0,127,255,810,電台用地,電台
C23820,C,公共設施用地,23,機關用地,0,127,255,820,漁會用地,漁會
C23830,C,公共設施用地,23,機關用地,0,127,255,830,管理服務中心用地,管服
C23831,C,公共設施用地,23,機關用地,0,127,255,831,管理站用地,管
C23840,C,公共設施用地,23,機關用地,0,127,255,840,農會用地,農會
C24000,C,公共設施用地,24,文教用地,191,127,255,0,文教用地,文教
C24500,C,公共設施用地,24,文教用地,191,127,255,500,文化中心用地,文化中心
C24510,C,公共設施用地,24,文教用地,191,127,255,510,藝文展演用地,藝
C25000,C,公共設施用地,25,社教用地,191,127,255,0,社教用地,社教
C25500,C,公共設施用地,25,社教用地,191,127,255,500,社教機構用地,社教
C25501,C,公共設施用地,25,社教用地,191,127,255,501,社教機構用地兼供學校使用,社(文)
C25510,C,公共設施用地,25,社教用地,191,127,255,510,陳列館用地,陳
C25520,C,公共設施用地,25,社教用地,191,127,255,520,博物館用地,博
C25530,C,公共設施用地,25,社教用地,191,127,255,530,鳥獸園用地,鳥
C25540,C,公共設施用地,25,社教用地,191,127,255,540,圖書館用地,圖
C25550,C,公共設施用地,25,社教用地,191,127,255,550,蠶業改良場用地,蠶
C26000,C,公共設施用地,26,學校用地,191,127,255,0,學校用地,文
C26500,C,公共設施用地,26,學校用地,191,127,255,500,大學用地,文大
C26520,C,公共設施用地,26,學校用地,191,127,255,520,大專用地,文大
C26521,C,公共設施用地,26,學校用地,191,127,255,521,大專用地兼供體育場使用,文大(體)
C26540,C,公共設施用地,26,學校用地,191,127,255,540,高中職用地,文高職
C26560,C,公共設施用地,26,學校用地,191,127,255,560,高中用地,文高
C26580,C,公共設施用地,26,學校用地,191,127,255,580,高職用地,文職
C26600,C,公共設施用地,26,學校用地,191,127,255,600,中小學用地,文中小
C26620,C,公共設施用地,26,學校用地,191,127,255,620,國中用地,文中
C26630,C,公共設施用地,26,學校用地,191,127,255,630,國中用地（完全中學）,文中(完)
C26700,C,公共設施用地,26,學校用地,191,127,255,700,國小用地,文小
C26800,C,公共設施用地,26,學校用地,191,127,255,800,幼稚園用地,幼
C26801,C,公共設施用地,26,學校用地,191,127,255,801,育幼院用地,幼
C26900,C,公共設施用地,26,學校用地,191,127,255,900,其他教育用地,教
C26901,C,公共設施用地,26,學校用地,191,127,255,901,學校及郵政用地,學校郵政
C26902,C,公共設施用地,26,學校用地,191,127,255,902,特殊學校用地,特
C27000,C,公共設施用地,27,宗教用地,127,255,0,0,宗教用地,宗
C27500,C,公共設施用地,27,宗教用地,127,255,0,500,寺廟用地,寺
C27510,C,公共設施用地,27,宗教用地,127,255,0,510,國家公園區宗教用地,宗
C28000,C,公共設施用地,28,倉庫用地,76,38,0,0,倉庫用地,倉
C29000,C,公共設施用地,29,遊憩用地,0,255,0,0,遊憩用地,遊憩
C29500,C,公共設施用地,29,遊憩用地,0,255,0,500,海水浴場用地,海浴
C29510,C,公共設施用地,29,遊憩用地,0,255,0,510,青年活動營地,青營
C29520,C,公共設施用地,29,遊憩用地,0,255,0,520,大眾浴池用地,眾浴
C29530,C,公共設施用地,29,遊憩用地,0,255,0,530,國家公園區野外育樂用地,育
C29540,C,公共設施用地,29,遊憩用地,0,255,0,540,休息站用地,休
C29550,C,公共設施用地,29,遊憩用地,0,255,0,550,活動中心用地,活動
C29551,C,公共設施用地,29,遊憩用地,0,255,0,551,青年活動中心用地,青活中心
C29560,C,公共設施用地,29,遊憩用地,0,255,0,560,高山植物園用地,植物園
C29570,C,公共設施用地,29,遊憩用地,0,255,0,570,動物園用地,動物園
C29580,C,公共設施用地,29,遊憩用地,0,255,0,580,眺望台用地,眺
C29590,C,公共設施用地,29,遊憩用地,0,255,0,590,遊憩服務用地,遊服
C29600,C,公共設施用地,29,遊憩用地,0,255,0,600,鐵路景觀用地,鐵景
C30000,C,公共設施用地,30,護坡用地,255,255,255,0,護坡用地,護坡
C30500,C,公共設施用地,30,護坡用地,255,255,255,500,道路護坡用地,道路護坡
C30510,C,公共設施用地,30,護坡用地,255,255,255,510,擋土牆護坡用地,擋土牆護坡
C31000,C,公共設施用地,31,住宅用地,255,255,0,0,住宅用地,住用
C32000,C,公共設施用地,32,林業用地,127,255,0,0,林業用地,林
C32010,C,公共設施用地,32,林業用地,127,255,0,10,林業兼道路用地,林(道)
C32020,C,公共設施用地,32,林業用地,127,255,0,20,原野自然用地,林
C33000,C,公共設施用地,33,海濱浴場用地,127,255,255,0,海濱浴場用地,海浴
C33010,C,公共設施用地,33,海濱浴場用地,127,255,255,10,海水浴場用地,海浴
C99000,C,公共設施用地,99,其他公共設施用地,255,255,255,0,其他公共設施用地,
C99010,C,公共設施用地,99,其他公共設施用地,255,255,255,10,業務設施用地,業設
